barcode,collNo_Text,collector_Text,collrTeam_Text,family,genus,collectionID,infraspecies,infraspecies_Author1_Text,infraspecies_Author2_Text,photoExists,plantID,rank,species,species_Author1_Text,species_Author2_Text,CollDate_Text,Locality,Habitat,RepState1,RepState2,RepState3,RepState4,Type,PlDescr,Frequency,elevL,ElevH,ElevUnits,Endangered,Named_Place,LongDecL,LongDirL,LatDecL,LatDirL,SpecimenImageURL
299446,286,S. Dickman,,Poaceae,Aristida,226950,null,null,null,TRUE,2425,null,condensata,4929,null,16-Nov-10,"Double Branch Bay Nature Preserve, Tampa.",Coastal Sabal palmetto hammock.,Fertile,null,null,null,null,null,null,null,null,null,FALSE,null,-82.62777778,W,28.02222222,N,https://cdn.plantatlas.org/img/specimens/USF/299446.jpg
299540,287,S. Dickman,,Poaceae,Aristida,229348,tenuispica,23811,432,TRUE,2473,var.,purpurascens,46620,null,16-Nov-10,"Double Branch Bay Nature Preserve, Tampa.",Coastal Sabal palmetto hammock.,Fertile,null,null,null,null,null,null,null,null,null,FALSE,null,-82.62777778,W,28.02222222,N,https://cdn.plantatlas.org/img/specimens/USF/299540.jpg
297326,288,S. Dickman,,Cyperaceae,Bulbostylis,193396,null,null,null,TRUE,823,null,stenophylla,8021,5359,16-Nov-10,"Double Branch Bay Nature Preserve, Tampa.",Coastal hammock.,Fertile,null,null,null,null,null,null,null,null,null,FALSE,null,-82.62722222,W,28.02083333,N,https://cdn.plantatlas.org/img/specimens/USF/297326.jpg
297276,298,S. Dickman,,Poaceae,Coleataenia,193397,null,null,null,TRUE,2955,null,longifolia,62566,57498,16-Nov-10,"Double Branch Bay Nature Preserve, Tampa.",Coastal Sabal palmetto hammock.,Fertile,null,null,null,null,null,null,null,null,null,FALSE,null,-82.62777778,W,28.02222222,N,https://cdn.plantatlas.org/img/specimens/USF/297276.jpg
300938,290,S. Dickman,,Euphorbiaceae,Croton,238366,septentrionalis,40246,null,TRUE,2818,var.,glandulosus,33458,null,16-Nov-10,"Double Branch Bay Nature Preserve, Tampa.",Coastal hammock.,Fertile,null,null,null,null,null,null,null,null,null,FALSE,null,-82.62611111,W,28.01861111,N,https://cdn.plantatlas.org/img/specimens/USF/300938.jpg
297275,291,S. Dickman,,Poaceae,Dichanthelium,193393,null,null,null,TRUE,null,null,ensifolium,1372,19915,16-Nov-10,"Double Branch Bay Nature Preserve, Tampa.",Coastal flatwoods.,Fertile,null,null,null,null,null,null,null,null,null,FALSE,null,-82.62666667,W,28.02,N,https://cdn.plantatlas.org/img/specimens/USF/297275.jpg
297277,292,S. Dickman,,Poaceae,Digitaria,193390,null,null,null,TRUE,2222,null,ciliaris,49458,29507,16-Nov-10,"Double Branch Bay Nature Preserve, Tampa.",Coastal flatwoods.,Fertile,null,null,null,null,null,null,null,null,null,FALSE,null,-82.62833333,W,28.02194444,N,https://cdn.plantatlas.org/img/specimens/USF/297277.jpg
300936,293,S. Dickman,,Poaceae,Echinochloa,238368,null,null,null,TRUE,1903,null,crus-galli,33458,1925,16-Nov-10,"Double Branch Bay Nature Preserve, Tampa.",Coastal hammock.,Fertile,null,null,null,null,null,null,null,null,null,FALSE,null,-82.62638889,W,28.01805556,N,https://cdn.plantatlas.org/img/specimens/USF/300936.jpg
298279,302,S. Dickman,,Poaceae,Echinochloa,212836,null,null,null,TRUE,3786,null,walteri,47761,22917,16-Nov-10,"Double Branch Bay Nature Presereve, Tampa.",Coastal flatwoods.,Fertile,null,null,null,null,null,null,null,null,null,FALSE,null,-82.62722222,W,28.02027778,N,https://cdn.plantatlas.org/img/specimens/USF/298279.jpg
300939,297,S. Dickman,,Asteraceae,Eclipta,238365,null,null,null,TRUE,3677,null,prostrata,33458,33458,16-Nov-10,"Double Branch Bay Nature Preserve, Tampa.",Coastal freshwater wetland.,Fertile,null,null,null,null,null,null,null,null,null,FALSE,null,-82.62722222,W,28.02194444,N,https://cdn.plantatlas.org/img/specimens/USF/300939.jpg
297272,294,S. Dickman,,Cyperaceae,Eleocharis,193395,null,null,null,TRUE,2676,null,albida,62566,null,16-Nov-10,"Double Branch Bay Nature Preserve, Tampa.",Coastal marsh.,Fertile,null,null,null,null,null,null,null,null,null,FALSE,null,-82.62638889,W,28.01805556,N,https://cdn.plantatlas.org/img/specimens/USF/297272.jpg
301153,301,S. Dickman,,Euphorbiaceae,Euphorbia,238901,null,null,null,TRUE,2778,null,thymifolia,33458,null,16-Nov-10,"Double Branch Bay Nature Preserve, Tampa.",Fire break.,Fertile,null,null,null,null,null,null,null,null,null,FALSE,null,-82.62694444,W,28.01972222,N,https://cdn.plantatlas.org/img/specimens/USF/301153.jpg
300942,303,S. Dickman,,Cyperaceae,Rhynchospora,238370,null,null,null,TRUE,2961,null,cephalantha,20179,null,16-Nov-10,"Double Branch Bay Nature Preserve, Tampa.",Coastal hammock.,Fertile,null,null,null,null,null,null,null,null,null,FALSE,null,-82.62694444,W,28.02027778,N,https://cdn.plantatlas.org/img/specimens/USF/300942.jpg
300941,305,S. Dickman,,Cyperaceae,Rhynchospora,238364,null,null,null,TRUE,535,null,fascicularis,38515,63931,16-Nov-10,"Double Branch Bay Nature Preserve, Tampa.",Coastal freshwater wetland.,Fertile,null,null,null,null,null,null,null,null,null,FALSE,null,-82.62416667,W,28.01916667,N,https://cdn.plantatlas.org/img/specimens/USF/300941.jpg
297273,300,S. Dickman,,Cyperaceae,Rhynchospora,193394,null,null,null,TRUE,3007,null,microcarpa,1373,null,16-Nov-10,"Double Branch Bay Nature Preserve, Tampa.",Coastal freshwater wetlands.,Fertile,null,null,null,null,null,null,null,null,null,FALSE,null,-82.62722222,W,28.02194444,N,https://cdn.plantatlas.org/img/specimens/USF/297273.jpg
300940,304,S. Dickman,,Cyperaceae,Rhynchospora,238367,null,null,null,TRUE,2406,null,plumosa,8021,null,16-Nov-10,"Double Branch Bay Nature Preserve, Tampa.",Coastal hammock.,Fertile,null,null,null,null,null,null,null,null,null,FALSE,null,-82.62333333,W,28.01805556,N,https://cdn.plantatlas.org/img/specimens/USF/300940.jpg
301152,306,S. Dickman,,Malvaceae,Sida,238902,null,null,null,TRUE,3229,null,elliottii,62568,null,16-Nov-10,"Double Branch Bay Nature Preserve, Tampa.",Coastal hammock.,Flower,null,null,null,null,null,null,null,null,null,FALSE,null,-82.6225,W,28.01777778,N,https://cdn.plantatlas.org/img/specimens/USF/301152.jpg
301276,1072,S. Dickman,L. Garcia,Amaranthaceae,Alternanthera,240339,null,null,null,TRUE,1343,null,philoxeroides,36530,20552,5-Nov-15,"Double Branch Creek Preserve, Tamap; island on Rocky Creek.",Spoil island.,Fertile,null,null,null,null,null,null,null,null,null,FALSE,null,-82.6025,W,27.9825,N,https://cdn.plantatlas.org/img/specimens/USF/301276.jpg
301267,1070,S. Dickman,L. Garcia,Araliaceae,Heptapleurum,240337,null,null,null,TRUE,423,null,actinophyllum,8116,80471,5-Nov-15,"Double Branch Creek Preserve, Tamap; island on Rocky Creek.",Spoil island.,null,null,null,null,null,Several seedlings under shade of Sabal palmetto.,null,null,null,null,FALSE,null,-82.6025,W,27.9825,N,https://cdn.plantatlas.org/img/specimens/USF/301267.jpg
301277,1071,S. Dickman,L. Garcia,Cyperaceae,Rhynchospora,240342,null,null,null,TRUE,2406,null,plumosa,8021,null,5-Nov-15,"Double Branch Creek Preserve, Tamap; island on Rocky Creek.",Spoil island; well-drained sandy soil in full sun.,Fertile,null,null,null,null,null,null,null,null,null,FALSE,null,-82.59611111,W,27.99166667,N,https://cdn.plantatlas.org/img/specimens/USF/301277.jpg
301270,1069,S. Dickman,L. Garcia,Asteraceae,Sphagneticola,240341,null,null,null,TRUE,1820,null,trilobata,33458,47593,5-Nov-15,"Double Branch Creek Preserve, Tamap; island on Rocky Creek.",Spoil island.,Flower,null,null,null,null,null,null,null,null,null,FALSE,null,-82.59833333,W,27.98611111,N,https://cdn.plantatlas.org/img/specimens/USF/301270.jpg
295358,341,J. R. Campbell,S. Dickman,Pteridaceae,Acrostichum,169748,null,null,null,TRUE,2191,null,danaeifolium,31414,null,10-Aug-16,Double Branch Bay Preserve.,Flatwoods - salt marsh ecotone.,Fertile,null,null,null,null,null,null,null,null,null,FALSE,null,-82.61694444,W,28.01138889,N,https://cdn.plantatlas.org/img/specimens/USF/295358.jpg
296061,327,J. R. Campbell,S. Dickman,Orobanchaceae,Agalinis,178377,grandiflora,2151,45154,TRUE,2948,var.,maritima,48168,48168,10-Aug-16,Double Branch Bay Preserve.,Flatwoods - salt marsh ecotone.,Flower,Fruit,null,null,null,null,null,null,null,null,FALSE,null,-82.615,W,28.01194444,N,https://cdn.plantatlas.org/img/specimens/USF/296061.jpg
295303,334,J. R. Campbell,S. Dickman,Poaceae,Aristida,168633,null,null,null,TRUE,2441,null,patula,72935,null,10-Aug-16,Double Branch Bay Preserve.,Flatwoods - brackish marsh ecotone.,Fertile,null,null,null,null,null,null,null,null,null,FALSE,null,-82.615,W,28.01194444,N,https://cdn.plantatlas.org/img/specimens/USF/295303.jpg
294717,332,J. R. Campbell,S. Dickman,Acanthaceae,Avicennia,168619,null,null,null,TRUE,736,null,germinans,33458,33458,10-Aug-16,Double Branch Bay Preserve.,Coastal marsh.,Flower,Fruit,null,null,null,null,null,null,null,null,FALSE,null,-82.615,W,28.01194444,N,https://cdn.plantatlas.org/img/specimens/USF/294717.jpg
295350,324,J. R. Campbell,S. Dickman,Plantaginaceae,Bacopa,169740,null,null,null,TRUE,3764,null,monnieri,33458,45154,10-Aug-16,Double Branch Bay Preserve.,Coastal flatwoods.,Flower,null,null,null,null,null,null,null,null,null,FALSE,null,-82.61472222,W,28.0125,N,https://cdn.plantatlas.org/img/specimens/USF/295350.jpg
295327,339,J. R. Campbell,S. Dickman,Bataceae,Batis,168634,null,null,null,TRUE,2771,null,maritima,33458,null,10-Aug-16,Double Branch Bay Preserve.,Brackish marsh.,Fertile,null,null,null,null,null,null,null,null,null,FALSE,null,-82.61694444,W,28.01138889,N,https://cdn.plantatlas.org/img/specimens/USF/295327.jpg
295386,680,J. R. Campbell,S. Dickman,Fabaceae,Canavalia,169757,null,null,null,TRUE,2757,null,rosea,60210,4386,10-Aug-16,Double Branch Bay Preserve.,Coastal berm.,Fruit,null,null,null,null,null,null,null,null,null,FALSE,null,-82.62611111,W,28.00083333,N,https://cdn.plantatlas.org/img/specimens/USF/295386.jpg
293309,352,J. R. Campbell,S. Dickman,Ranunculaceae,Clematis,168790,null,null,null,TRUE,1179,null,baldwinii,62568,null,10-Aug-16,Double Branch Bay Preserve.,Wet flatwoods; wildfire occurred 10 Jul 2016.,Flower,null,null,null,null,null,null,null,null,null,FALSE,null,-82.61472222,W,28.01333333,N,https://cdn.plantatlas.org/img/specimens/USF/293309.jpg
295298,316,J. R. Campbell,S. Dickman,Poaceae,Coleataenia,168620,null,null,null,TRUE,3683,null,anceps,38515,57498,10-Aug-16,Double Branch Bay Preserve.,Coastal flatwoods.,Fertile,null,null,null,null,null,null,null,null,null,FALSE,null,-82.61472222,W,28.0125,N,https://cdn.plantatlas.org/img/specimens/USF/295298.jpg
295356,342,J. R. Campbell,S. Dickman,Combretaceae,Conocarpus,169750,null,null,null,TRUE,2807,null,erectus,33458,null,10-Aug-16,Double Branch Bay Preserve.,Flatwoods - salt marsh ecotone.,Fertile,null,null,null,null,null,null,null,null,null,FALSE,null,-82.61694444,W,28.01138889,N,https://cdn.plantatlas.org/img/specimens/USF/295356.jpg
295366,335,J. R. Campbell,S. Dickman,Asteraceae,Coreopsis,169747,null,null,null,TRUE,1180,null,leavenworthii,62568,null,10-Aug-16,Double Branch Bay Preserve.,Flatwoods - salt marsh ecotone.,Flower,null,null,null,null,null,null,null,null,null,FALSE,null,-82.615,W,28.01194444,N,https://cdn.plantatlas.org/img/specimens/USF/295366.jpg
295899,309,J. R. Campbell,S. Dickman,Convolvulaceae,Cuscuta,175748,null,null,null,TRUE,3446,null,pentagona,8144,null,10-Aug-16,Double Branch Bay Preserve.,Wet flatwoods along service road.,Fertile,null,null,null,null,Parasitic on Bidens alba and Setaria.,null,null,null,null,FALSE,null,-82.61194444,W,28.0125,N,https://cdn.plantatlas.org/img/specimens/USF/295899.jpg
295594,322,J. R. Campbell,S. Dickman,Poaceae,Dichanthelium,172620,null,null,null,TRUE,3433,null,dichotomum,33458,19915,10-Aug-16,Double Branch Bay Preserve.,Coastal flatwoods.,Fertile,null,null,null,null,null,null,null,null,null,FALSE,null,-82.61472222,W,28.0125,N,https://cdn.plantatlas.org/img/specimens/USF/295594.jpg
295301,326,J. R. Campbell,S. Dickman,Poaceae,Diplachne,168629,fascicularis,31174,77181,TRUE,3703,subsp.,fusca,33458,1926,10-Aug-16,Double Branch Bay Preserve.,Flatwoods - brackish marsh ecotone.,Fertile,null,null,null,null,null,null,null,null,null,FALSE,null,-82.615,W,28.01194444,N,https://cdn.plantatlas.org/img/specimens/USF/295301.jpg
295316,349,J. R. Campbell,S. Dickman,Poaceae,Echinochloa,168623,null,null,null,TRUE,3786,null,walteri,47761,22917,10-Aug-16,Double Branch Bay Preserve.,Coastal flatwoods.,Fertile,null,null,null,null,null,null,null,null,null,FALSE,null,-82.61638889,W,28.01361111,N,https://cdn.plantatlas.org/img/specimens/USF/295316.jpg
295349,317,J. R. Campbell,S. Dickman,Asteraceae,Eclipta,169729,null,null,null,TRUE,3677,null,prostrata,33458,33458,10-Aug-16,Double Branch Bay Preserve.,Wet flatwoods.,Fertile,null,null,null,null,null,null,null,null,null,FALSE,null,-82.61472222,W,28.0125,N,https://cdn.plantatlas.org/img/specimens/USF/295349.jpg
295924,315,J. R. Campbell,S. Dickman,Cyperaceae,Eleocharis,175745,null,null,null,TRUE,916,null,geniculata,33458,50649,10-Aug-16,Double Branch Bay Preserve.,Flatwoods - salt marsh ecotone along sservice road.,Fertile,null,null,null,null,null,null,null,null,null,FALSE,null,-82.61472222,W,28.0125,N,https://cdn.plantatlas.org/img/specimens/USF/295924.jpg
295300,310,J. R. Campbell,S. Dickman,Asteraceae,Erigeron,168636,null,null,null,TRUE,1019,null,quercifolius,46620,null,10-Aug-16,Double Branch Bay Preserve.,Recently burned flatwoods.,Flower,null,null,null,null,null,null,null,null,null,FALSE,null,-82.61388889,W,28.01305556,N,https://cdn.plantatlas.org/img/specimens/USF/295300.jpg
295348,337,J. R. Campbell,S. Dickman,Asteraceae,Eupatorium,169745,null,null,null,TRUE,1099,null,mikanioides,4929,null,10-Aug-16,Double Branch Bay Preserve.,Flatwoods - salt marsh ecotone.,Flower,null,null,null,null,null,null,null,null,null,FALSE,null,-82.615,W,28.01194444,N,https://cdn.plantatlas.org/img/specimens/USF/295348.jpg
295302,308,J. R. Campbell,S. Dickman,Asteraceae,Eupatorium,168626,null,null,null,TRUE,3171,null,serotinum,38515,null,10-Aug-16,Double Branch Bay Preserve.,Coastal flatwoods.,Bud,null,null,null,null,null,null,null,null,null,FALSE,null,-82.61194444,W,28.0125,N,https://cdn.plantatlas.org/img/specimens/USF/295302.jpg
295853,312,J. R. Campbell,S. Dickman,Cyperaceae,Fimbristylis,175746,null,null,null,TRUE,2762,null,spadicea,33458,63931,10-Aug-16,Double Branch Bay Preserve.,"Coastal flatwoods, a month after wildfire.",Fertile,null,null,null,null,null,null,null,null,null,FALSE,null,-82.61472222,W,28.0125,N,https://cdn.plantatlas.org/img/specimens/USF/295853.jpg
295381,671,J. R. Campbell,S. Dickman,Oleaceae,Forestiera,169762,null,null,null,TRUE,954,null,segregata,26066,30312,10-Aug-16,Double Branch Bay Preserve.,Coastal berm.,Immature Fruit,null,null,null,null,null,null,null,null,null,FALSE,null,-82.62555556,W,28.00055556,N,https://cdn.plantatlas.org/img/specimens/USF/295381.jpg
296056,311,J. R. Campbell,,Amaryllidaceae,Hymenocallis,178375,null,null,null,TRUE,1110,null,palmeri,66809,null,10-Aug-16,Double Branch Bay Preserve.,"Coastal flatwoods, burned one month ago.",Flower,null,null,null,null,null,null,null,null,null,FALSE,null,-82.61388889,W,28.01305556,N,https://cdn.plantatlas.org/img/specimens/USF/296056.jpg
293313,345,J. R. Campbell,S. Dickman,Clusiaceae,Hypericum,168798,null,null,null,TRUE,1028,null,cistifolium,31174,null,10-Aug-16,Double Branch Bay Preserve.,Wet flatwoods.,Flower,null,null,null,null,null,null,null,null,null,FALSE,null,-82.61694444,W,28.01333333,N,https://cdn.plantatlas.org/img/specimens/USF/293313.jpg
295354,321,J. R. Campbell,S. Dickman,Aquifoliaceae,Ilex,169731,cassine,null,null,TRUE,3866,var.,cassine,33458,null,10-Aug-16,Double Branch Bay Preserve.,Coastal wet flatwoods.,Fruit,null,null,null,null,null,null,null,null,null,FALSE,null,-82.61472222,W,28.0125,N,https://cdn.plantatlas.org/img/specimens/USF/295354.jpg
295352,323,J. R. Campbell,S. Dickman,Convolvulaceae,Ipomoea,169735,null,null,null,TRUE,553,null,sagittata,46620,null,10-Aug-16,Double Branch Bay Preserve.,Coastal wet flatwoods.,Flower,null,null,null,null,null,null,null,null,null,FALSE,null,-82.61444444,W,28.0125,N,https://cdn.plantatlas.org/img/specimens/USF/295352.jpg
295353,314,J. R. Campbell,S. Dickman,Malvaceae,Kosteletzkya,169733,null,null,null,TRUE,862,null,pentacarpos,33458,32030,10-Aug-16,Double Branch Bay Preserve.,Coastal wet flatwoods; inundated.,Flower,null,null,null,null,null,null,null,null,null,FALSE,null,-82.61472222,W,28.0125,N,https://cdn.plantatlas.org/img/specimens/USF/295353.jpg
294718,331,J. R. Campbell,S. Dickman,Combretaceae,Laguncularia,168523,null,null,null,TRUE,3621,null,racemosa,33458,17990,10-Aug-16,Double Branch Bay Preserve.,Coastal marsh.,Flower,null,null,null,null,null,null,null,null,null,FALSE,null,-82.615,W,28.01194444,N,https://cdn.plantatlas.org/img/specimens/USF/294718.jpg
295368,333,J. R. Campbell,S. Dickman,Verbenaceae,Lantana,169743,null,null,null,TRUE,1789,null,strigocamara,52546,null,10-Aug-16,Double Branch Bay Preserve; service road.,Coastal flatwoods.,Flower,null,null,null,null,null,null,null,null,null,FALSE,null,-82.615,W,28.01194444,N,https://cdn.plantatlas.org/img/specimens/USF/295368.jpg
295297,320,J. R. Campbell,S. Dickman,Onagraceae,Ludwigia,168622,null,null,null,TRUE,3235,null,microcarpa,38515,null,10-Aug-16,Double Branch Bay Preserve.,Coastal flatwoods.,Fertile,null,null,null,null,null,null,null,null,null,FALSE,null,-82.61472222,W,28.0125,N,https://cdn.plantatlas.org/img/specimens/USF/295297.jpg
293312,343,J. R. Campbell,S. Dickman,Fabaceae,Macroptilium,168795,null,null,null,TRUE,1541,null,lathyroides,33458,63794,10-Aug-16,Double Branch Bay Preserve.,Wet flatwoods.,Flower,null,null,null,null,null,null,null,null,null,FALSE,null,-82.61694444,W,28.01333333,N,https://cdn.plantatlas.org/img/specimens/USF/293312.jpg
293328,306,J. R. Campbell,S. Dickman,Cucurbitaceae,Melothria,168851,null,null,null,TRUE,3631,null,pendula,33458,null,10-Aug-16,Double Branch Bay Preserve.,Disturbed habitat.,Fruit,null,null,null,null,null,null,null,null,null,FALSE,null,-82.61194444,W,28.0125,N,https://cdn.plantatlas.org/img/specimens/USF/293328.jpg
295359,338,J. R. Campbell,S. Dickman,Passifloraceae,Passiflora,169751,null,null,null,TRUE,2080,null,suberosa,33458,null,10-Aug-16,Double Branch Bay Preserve.,Flatwoods - salt marsh ecotone.,Flower,null,null,null,null,null,null,null,null,null,FALSE,null,-82.615,W,28.01194444,N,https://cdn.plantatlas.org/img/specimens/USF/295359.jpg
295388,325,null,S. Dickman,Apocynaceae,Pattalias,169742,null,null,null,TRUE,3168,null,palustris,47761,73732,10-Aug-16,Double Branch Bay Preserve.,Coastal flatwoods.,Flower,null,null,null,null,null,null,null,null,null,FALSE,null,-82.61444444,W,28.0125,N,https://cdn.plantatlas.org/img/specimens/USF/295388.jpg
295355,336,J. R. Campbell,S. Dickman,Solanaceae,Physalis,169746,null,null,null,TRUE,666,null,angustifolia,42596,null,10-Aug-16,Double Branch Bay Preserve.,Flatwoods - salt marsh ecotone.,Flower,null,null,null,null,null,null,null,null,null,FALSE,null,-82.615,W,28.01194444,N,https://cdn.plantatlas.org/img/specimens/USF/295355.jpg
295378,669,J. R. Campbell,S. Dickman,Asteraceae,Pluchea,169758,null,null,null,TRUE,902,null,carolinensis,26066,7219,10-Aug-16,Double Branch Bay Preserve.,Coastal berm.,Fruit,null,null,null,null,null,null,null,null,null,FALSE,null,-82.62527778,W,28.00055556,N,https://cdn.plantatlas.org/img/specimens/USF/295378.jpg
293310,347,J. R. Campbell,S. Dickman,Asteraceae,Pluchea,158416,null,null,null,TRUE,2794,null,odorata,33458,4628,10-Aug-16,null,Wet Flatwoods; Service road.,Flower,null,null,null,null,null,null,null,null,null,FALSE,Double Branch Preserve,-82.6175,W,28.01111111,N,https://cdn.plantatlas.org/img/specimens/USF/293310.jpg
296710,350,J. R. Campbell,,Dennstaedtiaceae,Pteridium,190565,pseudocaudatum,5460,73997,TRUE,2968,var.,aquilinum,33458,30470,10-Aug-16,Double Branch Bay Preserve.,Coastal flatwoods.,null,null,null,null,null,null,null,null,null,null,FALSE,null,-82.61472222,W,28.01333333,N,https://cdn.plantatlas.org/img/specimens/USF/296710.jpg
295351,318,J. R. Campbell,S. Dickman,Lythraceae,Rotala,169738,null,null,null,TRUE,887,null,ramosior,33458,29498,10-Aug-16,Double Branch Bay Preserve.,Coastal flatwoods.,Fertile,null,null,null,null,null,null,null,null,null,FALSE,null,-82.61472222,W,28.0125,N,https://cdn.plantatlas.org/img/specimens/USF/295351.jpg
293308,351,J. R. Campbell,S. Dickman,Alismataceae,Sagittaria,168857,lancifolia,null,null,TRUE,2817,subsp.,lancifolia,33458,null,10-Aug-16,Double Branch Bay Preserve.,Wet flatwoods; wildfire occurred 10 Jul 2016.,Flower,null,null,null,null,null,null,null,null,null,FALSE,null,-82.61472222,W,28.01333333,N,https://cdn.plantatlas.org/img/specimens/USF/293308.jpg
295379,681,J. R. Campbell,S. Dickman,Fabaceae,Senna,169755,null,null,null,TRUE,2173,null,ligustrina,33458,25696,10-Aug-16,Double Branch Bay Preserve.,Coastal berm.,Fruit,null,null,null,null,null,null,null,null,null,FALSE,null,-82.62611111,W,28.00083333,N,https://cdn.plantatlas.org/img/specimens/USF/295379.jpg
295380,674,J. R. Campbell,S. Dickman,Fabaceae,Sesbania,169753,null,null,null,TRUE,110,null,punicea,4712,2151,10-Aug-16,Double Branch Bay Preserve.,Coastal berm.,Fruit,null,null,null,null,null,null,null,null,null,FALSE,null,-82.62611111,W,28.00083333,N,https://cdn.plantatlas.org/img/specimens/USF/295380.jpg
295357,340,J. R. Campbell,S. Dickman,Aizoaceae,Sesuvium,169737,null,null,null,TRUE,2290,null,portulacastrum,33458,33458,10-Aug-16,Double Branch Bay Preserve.,Salt marsh.,Flower,null,null,null,null,null,null,null,null,null,FALSE,null,-82.61694444,W,28.01138889,N,https://cdn.plantatlas.org/img/specimens/USF/295357.jpg
295383,672,J. R. Campbell,S. Dickman,Sapotaceae,Sideroxylon,169760,null,null,null,TRUE,2913,null,celastrinum,30585,45180,10-Aug-16,Double Branch Bay Preserve.,Coastal berm.,Fruit,null,null,null,null,null,null,null,null,null,FALSE,null,-82.62555556,W,28.00055556,N,https://cdn.plantatlas.org/img/specimens/USF/295383.jpg
295869,305,J. R. Campbell,S. Dickman,Solanaceae,Solanum,175747,null,null,null,TRUE,558,null,chenopodioides,31174,null,10-Aug-16,Double Branch Bay Preserve.,Disturbed habitat.,Flower,null,null,null,null,null,null,null,null,null,FALSE,null,-82.61194444,W,28.0125,N,https://cdn.plantatlas.org/img/specimens/USF/295869.jpg
295299,328,J. R. Campbell,S. Dickman,Poaceae,Sporobolus,168635,null,null,null,TRUE,885,null,virginicus,33458,30585,10-Aug-16,Double Branch Bay Preserve.,Brackish marsh.,Fertile,null,null,null,null,null,null,null,null,null,FALSE,null,-82.615,W,28.01194444,N,https://cdn.plantatlas.org/img/specimens/USF/295299.jpg
295325,307,J. R. Campbell,S. Dickman,Verbenaceae,Verbena,168637,null,null,null,TRUE,1029,null,scabra,63931,null,10-Aug-16,Double Branch Bay Preserve; service road.,Wet flatwoods.,Fertile,null,null,null,null,null,null,null,null,null,FALSE,null,-82.61194444,W,28.0125,N,https://cdn.plantatlas.org/img/specimens/USF/295325.jpg
294477,661,J. R. Campbell,,Amaranthaceae,Blutaparon,168779,null,null,null,TRUE,3680,null,vermiculare,33458,37702,23-Mar-17,Double Branch Bay Preserve.,Coastal; sandy shoreline.,Flower,null,null,null,null,null,null,null,null,null,FALSE,null,-82.62166667,W,27.99444444,N,https://cdn.plantatlas.org/img/specimens/USF/294477.jpg
294482,676,J. R. Campbell,,Rubiaceae,Chiococca,168766,null,null,null,TRUE,948,null,alba,33458,23811,23-Mar-17,Double Branch Bay Preserve.,Narrow coastal upland surrounded by mangroves.,Bud,null,null,null,null,Small tree.,null,null,null,null,FALSE,null,-82.62611111,W,28.00083333,N,https://cdn.plantatlas.org/img/specimens/USF/294482.jpg
295851,665,J. R. Campbell,S. Dickman,Cyperaceae,Cyperus,175740,null,null,null,TRUE,2790,null,odoratus,33458,null,23-Mar-17,Double Branch Bay Preserve.,Coastal berm.,Fertile,null,null,null,null,null,null,null,null,null,FALSE,null,-82.62416667,W,28.00055556,N,https://cdn.plantatlas.org/img/specimens/USF/295851.jpg
294484,667,J. R. Campbell,,Asteraceae,Erigeron,168764,null,null,null,TRUE,1019,null,quercifolius,46620,null,23-Mar-17,Double Branch Bay Preserve.,Narrow coastal upland surrounded by mangroves.,Flower,null,null,null,null,null,null,null,null,null,FALSE,null,-82.62472222,W,28.00027778,N,https://cdn.plantatlas.org/img/specimens/USF/294484.jpg
294485,675,J. R. Campbell,,Oleaceae,Forestiera,168771,null,null,null,TRUE,954,null,segregata,26066,30312,23-Mar-17,Double Branch Bay Preserve.,Narrow coastal upland surrounded by mangroves.,Bud,null,null,null,null,Small tree.,null,null,null,null,FALSE,null,-82.62611111,W,28.00083333,N,https://cdn.plantatlas.org/img/specimens/USF/294485.jpg
294478,662,J. R. Campbell,,Boraginaceae,Heliotropium,168768,null,null,null,TRUE,2291,null,curassavicum,33458,null,23-Mar-17,Double Branch Bay Preserve.,Narrow coastal upland surrounded by mangroves.,Bud,null,null,null,null,null,null,null,null,null,FALSE,null,-82.62166667,W,27.99444444,N,https://cdn.plantatlas.org/img/specimens/USF/294478.jpg
294480,678,J. R. Campbell,,Passifloraceae,Passiflora,168773,null,null,null,TRUE,2080,null,suberosa,33458,null,23-Mar-17,Double Branch Bay Preserve.,Narrow coastal upland surrounded by mangroves.,Fruit,null,null,null,null,Vine.,null,null,null,null,FALSE,null,-82.62611111,W,28.00083333,N,https://cdn.plantatlas.org/img/specimens/USF/294480.jpg
294486,668,J. R. Campbell,,Verbenaceae,Phyla,168767,null,null,null,TRUE,3520,null,nodiflora,33458,20295,23-Mar-17,Double Branch Bay Preserve.,Narrow coastal upland surrounded by mangroves.,Flower,null,null,null,null,null,null,null,null,null,FALSE,null,-82.62472222,W,28.00027778,N,https://cdn.plantatlas.org/img/specimens/USF/294486.jpg
294483,669,J. R. Campbell,,Asteraceae,Pluchea,168763,null,null,null,TRUE,902,null,carolinensis,26066,7220,23-Mar-17,Double Branch Bay Preserve.,Narrow coastal upland surrounded by mangroves.,Flower,null,null,null,null,Shrub 1 m tall.,null,null,null,null,FALSE,null,-82.62527778,W,28.00055556,N,https://cdn.plantatlas.org/img/specimens/USF/294483.jpg
294479,679,J. R. Campbell,,Asteraceae,Pluchea,168761,null,null,null,TRUE,2794,null,odorata,33458,4628,23-Mar-17,Double Branch Bay Preserve.,Narrow coastal upland surrounded by mangroves.,Flower,null,null,null,null,null,null,null,null,null,FALSE,null,-82.62611111,W,28.00083333,N,https://cdn.plantatlas.org/img/specimens/USF/294479.jpg
294487,663,J. R. Campbell,,Polygonaceae,Rumex,168781,null,null,null,TRUE,500,null,paraguayensis,44432,null,23-Mar-17,Double Branch Bay Preserve.,Narrow coastal upland surrounded by mangroves.,Flower,null,null,null,null,null,null,null,null,null,FALSE,null,-82.62166667,W,27.99444444,N,https://cdn.plantatlas.org/img/specimens/USF/294487.jpg
294500,673,J. R. Campbell,,Fabaceae,Sophora,168775,truncata,62568,null,TRUE,2474,var.,tomentosa,33458,null,23-Mar-17,Double Branch Bay Preserve.,Narrow coastal upland surrounded by mangroves.,Fruit,null,null,null,null,null,null,null,null,null,FALSE,null,-82.62611111,W,28.00083333,N,https://cdn.plantatlas.org/img/specimens/USF/294500.jpg
295322,715,J. R. Campbell,S. Dickman,Cornaceae,Cornus,168577,null,null,null,TRUE,1039,null,foemina,38796,null,25-Apr-17,Double Branch Bay Preserve; adjacent to service road.,Coastal flatwoods.,Immature Fruit,null,null,null,null,Small tree 12 ft. tall.,null,null,null,null,FALSE,null,-82.40805556,W,28.16083333,N,https://cdn.plantatlas.org/img/specimens/USF/295322.jpg
295414,781,J. R. Campbell,S. Dickman,Polygalaceae,Asemeia,169674,null,null,null,TRUE,3191,null,violacea,1042,73850,3-Jul-17,Double Branch Bay Preserve.,Coastal flatwoods.,Flower,null,null,null,null,null,null,null,null,null,FALSE,null,-82.61472222,W,28.01305556,N,https://cdn.plantatlas.org/img/specimens/USF/295414.jpg
295421,782,J. R. Campbell,S. Dickman,Euphorbiaceae,Caperonia,169678,null,null,null,TRUE,281,null,palustris,33458,52160,3-Jul-17,Double Branch Bay Preserve.,Coastal flatwoods.,Fertile,null,null,null,null,null,null,null,null,null,FALSE,null,-82.61472222,W,28.01305556,N,https://cdn.plantatlas.org/img/specimens/USF/295421.jpg
295859,778,J. R. Campbell,S. Dickman,Poaceae,Coleataenia,175755,null,null,null,TRUE,915,null,rigidula,72045,31898,3-Jul-17,Double Branch Bay Preserve.,Coastal flatwoods.,Fertile,null,null,null,null,null,null,null,null,null,FALSE,null,-82.615,W,28.01305556,N,https://cdn.plantatlas.org/img/specimens/USF/295859.jpg
295597,789,J. R. Campbell,S. Dickman,Cyperaceae,Cyperus,172621,null,null,null,TRUE,1042,null,surinamensis,76249,null,3-Jul-17,Double Branch Bay Preserve.,Coastal flatwoods.,Fertile,null,null,null,null,null,null,null,null,null,FALSE,null,-82.61472222,W,28.01305556,N,https://cdn.plantatlas.org/img/specimens/USF/295597.jpg
295420,773,J. R. Campbell,S. Dickman,Poaceae,Diplachne,169663,fascicularis,31174,77181,TRUE,3703,subsp.,fusca,33458,1926,3-Jul-17,Double Branch Bay Preserve.,Flatwoods - salt marsh ecotone.,Fertile,null,null,null,null,null,null,null,null,null,FALSE,null,-82.61472222,W,28.01222222,N,https://cdn.plantatlas.org/img/specimens/USF/295420.jpg
295416,788,J. R. Campbell,S. Dickman,Apiaceae,Eryngium,169676,null,null,null,TRUE,2628,null,baldwinii,58010,null,3-Jul-17,Double Branch Bay Preserve.,Coastal flatwoods.,Fertile,null,null,null,null,null,null,null,null,null,FALSE,null,-82.61472222,W,28.01305556,N,https://cdn.plantatlas.org/img/specimens/USF/295416.jpg
296034,770,J. R. Campbell,S. Dickman,Poaceae,Eustachys,178380,null,null,null,TRUE,740,null,petraea,60210,6893,3-Jul-17,Double Branch Bay Preserve.,Coastal flatwoods.,Fertile,null,null,null,null,null,null,null,null,null,FALSE,null,-82.61333333,W,28.0125,N,https://cdn.plantatlas.org/img/specimens/USF/296034.jpg
296062,764,J. R. Campbell,S. Dickman,Cyperaceae,Fimbristylis,178378,null,null,null,TRUE,2762,null,spadicea,33458,63931,3-Jul-17,Double Branch Bay Preserve.,Coastal flatwoods.,Fertile,null,null,null,null,null,null,null,null,null,FALSE,null,-82.61361111,W,28.01277778,N,https://cdn.plantatlas.org/img/specimens/USF/296062.jpg
295877,771,J. R. Campbell,S. Dickman,Asteraceae,Flaveria,175756,null,null,null,TRUE,1206,null,floridana,26955,null,3-Jul-17,Double Branch Bay Preserve.,Coastal flatwoods.,Bud,null,null,null,null,null,null,null,null,null,FALSE,null,-82.61333333,W,28.0125,N,https://cdn.plantatlas.org/img/specimens/USF/295877.jpg
295619,786,J. R. Campbell,S. Dickman,Cyperaceae,Fuirena,172622,null,null,null,TRUE,2419,null,breviseta,5878,5878,3-Jul-17,Double Branch Bay Preserve.,Coastal flatwoods.,Fertile,null,null,null,null,null,null,null,null,null,FALSE,null,-82.61472222,W,28.01305556,N,https://cdn.plantatlas.org/img/specimens/USF/295619.jpg
295419,787,J. R. Campbell,S. Dickman,Hypoxidaceae,Hypoxis,169680,null,null,null,TRUE,3312,null,juncea,56907,null,3-Jul-17,Double Branch Bay Preserve; service road.,Coastal flatwoods.,Fertile,null,null,null,null,null,null,null,null,null,FALSE,null,-82.61472222,W,28.01305556,N,https://cdn.plantatlas.org/img/specimens/USF/295419.jpg
295422,768,J. R. Campbell,S. Dickman,Onagraceae,Ludwigia,169667,null,null,null,TRUE,3235,null,microcarpa,38515,null,3-Jul-17,Double Branch Bay Preserve.,Coastal flatwoods.,Fertile,null,null,null,null,null,null,null,null,null,FALSE,null,-82.61361111,W,28.01277778,N,https://cdn.plantatlas.org/img/specimens/USF/295422.jpg
295418,776,J. R. Campbell,S. Dickman,Lythraceae,Lythrum,169668,lanceolatum,8021,73647,TRUE,3282,var.,alatum,47761,null,3-Jul-17,Double Branch Bay Preserve.,Coastal flatwoods.,Fertile,null,null,null,null,null,null,null,null,null,FALSE,null,-82.615,W,28.01305556,N,https://cdn.plantatlas.org/img/specimens/USF/295418.jpg
295417,766,J. R. Campbell,S. Dickman,Fabaceae,Neptunia,169665,null,null,null,TRUE,795,null,pubescens,2151,null,3-Jul-17,Double Branch Bay Preserve.,Coastal flatwoods.,Flower,Immature Fruit,null,null,null,null,null,null,null,null,FALSE,null,-82.61361111,W,28.01277778,N,https://cdn.plantatlas.org/img/specimens/USF/295417.jpg
295882,767A,J. R. Campbell,S. Dickman,Poaceae,Panicum,175758,bartowense,54635,16235,TRUE,2533,var.,dichotomiflorum,38515,null,3-Jul-17,Double Branch Bay Preserve.,Flatwoods.,Fertile,null,null,null,null,null,null,null,null,null,FALSE,null,-82.61361111,W,28.01277778,N,https://cdn.plantatlas.org/img/specimens/USF/295882.jpg
295883,767B,J. R. Campbell,S. Dickman,Poaceae,Panicum,175759,bartowense,54635,16235,TRUE,2533,var.,dichotomiflorum,38515,null,3-Jul-17,Double Branch Bay Preserve.,Flatwoods.,null,null,null,null,null,null,null,null,null,null,FALSE,null,-82.61361111,W,28.01277778,N,https://cdn.plantatlas.org/img/specimens/USF/295883.jpg
295600,769,A. J. Campbell,S. Dickman,Cyperaceae,Rhynchospora,172623,null,null,null,TRUE,2568,null,globularis,4929,56672,3-Jul-17,Double Branch Bay Preserve.,Sabal palmetto hammock adjacent to flatwoods.,Fertile,null,null,null,null,null,null,null,null,null,FALSE,null,-82.61333333,W,28.0125,N,https://cdn.plantatlas.org/img/specimens/USF/295600.jpg
295423,774,J. R. Campbell,S. Dickman,Samolaceae,Samolus,169664,null,null,null,TRUE,2241,null,ebracteatus,30585,null,3-Jul-17,Double Branch Bay Preserve.,Flatwoods - salt marsh ecotone.,Flower,Fruit,null,null,null,null,null,null,null,null,FALSE,null,-82.61472222,W,28.01222222,N,https://cdn.plantatlas.org/img/specimens/USF/295423.jpg
295424,777,J. R. Campbell,S. Dickman,Samolaceae,Samolus,169670,parviflorus,48168,25122,TRUE,971,subsp.,valerandi,33458,null,3-Jul-17,Double Branch Bay Preserve.,Coastal flatwoods.,Fertile,null,null,null,null,null,null,null,null,null,FALSE,null,-82.615,W,28.01305556,N,https://cdn.plantatlas.org/img/specimens/USF/295424.jpg
295445,783,J. R. Campbell,S. Dickman,Cyperaceae,Schoenus,169672,null,null,null,TRUE,3637,null,nigricans,33458,null,3-Jul-17,Double Branch Bay Preserve.,Coastal flatwoods.,Fertile,null,null,null,null,null,null,null,null,null,FALSE,null,-82.61472222,W,28.01305556,N,https://cdn.plantatlas.org/img/specimens/USF/295445.jpg
295854,784,J. R. Campbell,S. Dickman,Cyperaceae,Scleria,175760,null,null,null,TRUE,2076,null,ciliata,38515,null,3-Jul-17,Double Branch Bay Preserve.,Depression marsh in coastal flatwoods.,Fertile,null,null,null,null,null,null,null,null,null,FALSE,null,-82.61472222,W,28.01305556,N,https://cdn.plantatlas.org/img/specimens/USF/295854.jpg
295415,780,J. R. Campbell,S. Dickman,Asteraceae,Sonchus,169675,null,null,null,TRUE,411,null,asper,33458,23629,3-Jul-17,Double Branch Bay Preserve.,Coastal flatwoods.,Flower,null,null,null,null,null,null,null,null,null,FALSE,null,-82.61472222,W,28.01305556,N,https://cdn.plantatlas.org/img/specimens/USF/295415.jpg
295849,767,J. R. Campbell,S. Dickman,Poaceae,Steinchisma,175757,null,null,null,TRUE,3247,null,hians,8021,41118,3-Jul-17,Double Branch Bay Preserve.,"Coastal flatwoods, next to service road.",Fertile,null,null,null,null,null,null,null,null,null,FALSE,null,-82.61361111,W,28.01277778,N,https://cdn.plantatlas.org/img/specimens/USF/295849.jpg
295871,775,J. R. Campbell,S. Dickman,Juncaginaceae,Triglochin,175761,null,null,null,TRUE,3071,null,striata,51593,null,3-Jul-17,Double Branch Bay Preserve.,Flatwoods - salt marsh ecotone.,Fertile,null,null,null,null,null,null,null,null,null,FALSE,null,-82.61472222,W,28.01222222,N,https://cdn.plantatlas.org/img/specimens/USF/295871.jpg
295401,779,J. R. Campbell,S. Dickman,Poaceae,Tripsacum,169677,null,null,null,TRUE,3607,null,dactyloides,33458,33458,3-Jul-17,Double Branch Bay Preserve.,Coastal flatwoods.,Fertile,null,null,null,null,null,null,null,null,null,FALSE,null,-82.61472222,W,28.01305556,N,https://cdn.plantatlas.org/img/specimens/USF/295401.jpg
295407,802,J. R. Campbell,S. Dickman,Euphorbiaceae,Acalypha,169705,null,null,null,TRUE,3571,null,gracilens,20179,null,11-Jul-17,Double Branch Bay Preserve.,Coastal flatwoods.,Fertile,null,null,null,null,null,null,null,null,null,FALSE,null,-82.61333333,W,28.01305556,N,https://cdn.plantatlas.org/img/specimens/USF/295407.jpg
295394,798,J. R. Campbell,S. Dickman,Bignoniaceae,Campsis,169699,null,null,null,TRUE,925,null,radicans,33458,72113,11-Jul-17,Double Branch Bay Preserve.,Coastal flatwoods.,Flower,null,null,null,null,null,null,null,null,null,FALSE,null,-82.61194444,W,28.0125,N,https://cdn.plantatlas.org/img/specimens/USF/295394.jpg
295398,792,J. R. Campbell,S. Dickman,Fabaceae,Chamaecrista,169694,aspera,40331,25696,TRUE,3223,var.,nictitans,33458,39179,11-Jul-17,Double Branch Bay Preserve; service road.,Coastal flatwoods.,Flower,null,null,null,null,null,null,null,null,null,FALSE,null,-82.61194444,W,28.0125,N,https://cdn.plantatlas.org/img/specimens/USF/295398.jpg
295441,808,J. R. Campbell,S. Dickman,Cyperaceae,Cladium,169725,null,null,null,TRUE,2796,null,jamaicense,5936,null,11-Jul-17,Double Branch Bay Preserve.,Depression marsh in flatwoods.,Fertile,null,null,null,null,null,null,null,null,null,FALSE,null,-82.61555556,W,28.01472222,N,https://cdn.plantatlas.org/img/specimens/USF/295441.jpg
295440,807,J. R. Campbell,S. Dickman,Cyperaceae,Cladium,169727,null,null,null,TRUE,2796,null,jamaicense,5936,null,11-Jul-17,Double Branch Bay Preserve.,Depression marsh in flatwoods.,Fertile,null,null,null,null,null,null,null,null,null,FALSE,null,-82.61555556,W,28.01472222,N,https://cdn.plantatlas.org/img/specimens/USF/295440.jpg
295412,806,J. R. Campbell,S. Dickman,Cornaceae,Cornus,169714,null,null,null,TRUE,1039,null,foemina,38796,null,11-Jul-17,Double Branch Bay Preserve; next to service road.,Coastal flatwoods.,Flower,null,null,null,null,null,null,null,null,null,FALSE,null,-82.61555556,W,28.015278,N,https://cdn.plantatlas.org/img/specimens/USF/295412.jpg
295396,829,J. R. Campbell,S. Dickman,Asteraceae,Crassocephalum,169722,null,null,null,TRUE,321,null,crepidioides,2151,39611,11-Jul-17,Double Branch Bay Preserve; service road.,Wet flatwoods.,Flower,null,null,null,null,null,null,null,null,null,FALSE,null,-82.61861111,W,28.01444444,N,https://cdn.plantatlas.org/img/specimens/USF/295396.jpg
295395,493,J. R. Campbell,S. Dickman,Euphorbiaceae,Croton,169695,septentrionalis,40760,null,TRUE,2818,var.,glandulosus,33458,null,11-Jul-17,Double Branch Bay Preserve; service road.,Coastal flatwoods.,Fertile,null,null,null,null,null,null,null,null,null,FALSE,null,-82.61194444,W,28.0125,N,https://cdn.plantatlas.org/img/specimens/USF/295395.jpg
296678,818,J. R. Campbell,,Convolvulaceae,Cuscuta,190567,null,null,null,TRUE,3446,null,pentagona,8144,null,11-Jul-17,Double Branch Bay Preserve.,"Coastal flatwoods, adjacent to halophytic prairie.",Fertile,null,null,null,null,Parasitic on Galactia elliottii.,null,null,null,null,FALSE,null,-82.61722222,W,28.015,N,https://cdn.plantatlas.org/img/specimens/USF/296678.jpg
295787,830,J. R. Campbell,S. Dickman,Cyperaceae,Cyperus,172628,null,null,null,TRUE,2372,null,ovatus,1371,null,11-Jul-17,Double Branch Bay Preserve.,Service road in flatwoods - brackish marsh ecotone.,Fertile,null,null,null,null,null,null,null,null,null,FALSE,null,-82.61472222,W,28.0125,N,https://cdn.plantatlas.org/img/specimens/USF/295787.jpg
295925,828,J. R. Campbell,S. Dickman,Cyperaceae,Cyperus,175743,null,null,null,TRUE,711,null,polystachyos,76249,null,11-Jul-17,Double Branch Bay Preserve.,Service road.,Fertile,null,null,null,null,null,null,null,null,null,FALSE,null,-82.61861111,W,28.01444444,N,https://cdn.plantatlas.org/img/specimens/USF/295925.jpg
295400,797,J. R. Campbell,S. Dickman,Poaceae,Dactyloctenium,169691,null,null,null,TRUE,null,null,aetyptium,33458,72508,11-Jul-17,Double Branch Bay Preserve; service road.,Coastal flatwoods.,Fertile,null,null,null,null,null,null,null,null,null,FALSE,null,-82.61194444,W,28.0125,N,https://cdn.plantatlas.org/img/specimens/USF/295400.jpg
295624,810,J. R. Campbell,S. Dickman,Poaceae,Dichanthelium,172625,null,null,null,TRUE,3433,null,dichotomum,33458,19915,11-Jul-17,Double Branch Bay Preserve.,Coastal flatwoods.,Fertile,null,null,null,null,null,null,null,null,null,FALSE,null,-82.61583333,W,28.01416667,N,https://cdn.plantatlas.org/img/specimens/USF/295624.jpg
295595,813,J. R. Campbell,S. Dickman,Poaceae,Dichanthelium,172626,glabrescens,20552,17442,TRUE,2824,var.,strigosum,40331,17442,11-Jul-17,Double Branch Bay Preserve.,Coastal flatwoods.,Fertile,null,null,null,null,null,null,null,null,null,FALSE,null,-82.61638889,W,28.01416667,N,https://cdn.plantatlas.org/img/specimens/USF/295595.jpg
295615,809,J. R. Campbell,S. Dickman,Cyperaceae,Eleocharis,172624,null,null,null,TRUE,2931,null,cellulosa,62566,null,11-Jul-17,Double Branch Bay Preserve.,Depression marsh in coastal flatwoods.,Fertile,null,null,null,null,null,null,null,null,null,FALSE,null,-82.61583333,W,28.01416667,N,https://cdn.plantatlas.org/img/specimens/USF/295615.jpg
295399,799,J. R. Campbell,S. Dickman,Euphorbiaceae,Euphorbia,169693,null,null,null,TRUE,3580,null,hyssopifolia,33458,null,11-Jul-17,Double Branch Bay Preserve; service road.,Coastal flatwoods.,Fertile,null,null,null,null,null,null,null,null,null,FALSE,null,-82.61194444,W,28.0125,N,https://cdn.plantatlas.org/img/specimens/USF/295399.jpg
296033,795,J. R. Campbell,S. Dickman,Poaceae,Eustachys,178381,null,null,null,TRUE,740,null,petraea,60210,6893,11-Jul-17,Double Branch Bay Preserve.,Coastal flatwoods.,Fertile,null,null,null,null,null,null,null,null,null,FALSE,null,-82.61194444,W,28.0125,N,https://cdn.plantatlas.org/img/specimens/USF/296033.jpg
295855,826,J. R. Campbell,S. Dickman,Cyperaceae,Fimbristylis,175742,null,null,null,TRUE,525,null,puberula,38515,63931,11-Jul-17,Double Branch Bay Preserve.,Coastal flatwoods.,Fertile,null,null,null,null,null,null,null,null,null,FALSE,null,-82.6175,W,28.01416667,N,https://cdn.plantatlas.org/img/specimens/USF/295855.jpg
295410,804,J. R. Campbell,S. Dickman,Euphorbiaceae,Jatropha,169701,null,null,null,TRUE,1745,null,gossypiifolia,33458,null,11-Jul-17,Double Branch Bay Preserve.,Coastal flatwoods.,null,null,null,null,null,null,null,null,null,null,FALSE,null,-82.61333333,W,28.01305556,N,https://cdn.plantatlas.org/img/specimens/USF/295410.jpg
295425,817,J. R. Campbell,S. Dickman,Schizaeaceae,Lygodium,169681,null,null,null,TRUE,1638,null,microphyllum,4712,3735,11-Jul-17,Double Branch Bay Preserve.,Prairie margin between flatwoods and salt marsh.,Fertile,null,null,null,null,null,null,null,null,null,FALSE,null,-82.6175,W,28.01416667,N,https://cdn.plantatlas.org/img/specimens/USF/295425.jpg
295406,812,J. R. Campbell,S. Dickman,Myrtaceae,Melaleuca,169708,null,null,null,TRUE,46,null,quinquenervia,4712,2703,11-Jul-17,Double Branch Bay Preserve.,Coastal flatwoods.,null,null,null,null,null,null,null,null,null,null,FALSE,null,-82.61638889,W,28.01416667,N,https://cdn.plantatlas.org/img/specimens/USF/295406.jpg
295868,803,J. R. Campbell,S. Dickman,Meliaceae,Melia,175741,null,null,null,TRUE,1691,null,azedarach,33458,null,11-Jul-17,Double Branch Bay Preserve.,"Coastal flatwoods, burned 1 year ago.",null,null,null,null,null,Small tree 8 ft. tall.,null,null,null,null,FALSE,null,-82.61333333,W,28.01305556,N,https://cdn.plantatlas.org/img/specimens/USF/295868.jpg
295413,816,J. R. Campbell,S. Dickman,Asteraceae,Mikania,169713,null,null,null,TRUE,3395,null,scandens,33458,68343,11-Jul-17,Double Branch Bay Preserve.,Coastal flatwoods.,Flower,null,null,null,null,null,null,null,null,null,FALSE,null,-82.61722222,W,28.015,N,https://cdn.plantatlas.org/img/specimens/USF/295413.jpg
295443,794,J. R. Campbell,S. Dickman,Vitaceae,Nekemias,169719,null,null,null,TRUE,980,null,arborea,33458,77081,11-Jul-17,Double Branch Bay Preserve; next to service road.,Flatwoods.,Bud,Fruit,null,null,null,null,null,null,null,null,FALSE,null,-82.61194444,W,28.0125,N,https://cdn.plantatlas.org/img/specimens/USF/295443.jpg
295393,796,J. R. Campbell,S. Dickman,Onagraceae,Oenothera,169697,null,null,null,TRUE,3271,null,simulans,56672,73989,11-Jul-17,Double Branch Bay Preserve; service road.,Coastal flatwoods.,Flower,Fruit,null,null,null,null,null,null,null,null,FALSE,null,-82.61194444,W,28.0125,N,https://cdn.plantatlas.org/img/specimens/USF/295393.jpg
295403,823,J. R. Campbell,S. Dickman,Poaceae,Paspalum,169685,null,null,null,TRUE,2780,null,vaginatum,60210,null,11-Jul-17,Double Branch Bay Preserve.,Prairie between flatwoods and salt marsh.,Fertile,null,null,null,null,null,null,null,null,null,FALSE,null,-82.6175,W,28.01416667,N,https://cdn.plantatlas.org/img/specimens/USF/295403.jpg
295411,811,J. R. Campbell,S. Dickman,Polygonaceae,Persicaria,169716,null,null,null,TRUE,3909,null,hydropiperoides,38515,56672,11-Jul-17,Double Branch Bay Preserve; next to service road.,"Inundated depression, coastal flatwoods.",Fertile,null,null,null,null,null,null,null,null,null,FALSE,null,-82.61611111,W,28.01416667,N,https://cdn.plantatlas.org/img/specimens/USF/295411.jpg
295402,801,J. R. Campbell,S. Dickman,Phytolaccaceae,Phytolacca,169703,null,null,null,TRUE,3668,null,americana,33458,null,11-Jul-17,Double Branch Bay Preserve.,Coastal flatwoods.,Fruit,null,null,null,null,null,null,null,null,null,FALSE,null,-82.61333333,W,28.01305556,N,https://cdn.plantatlas.org/img/specimens/USF/295402.jpg
295392,831,J. R. Campbell,S. Dickman,Turneraceae,Piriqueta,169712,caroliniana,66288,778,TRUE,821,subsp.,cistoides,33458,20552,11-Jul-17,Double Branch Bay Preserve.,Coastal flatwoods.,Flower,null,null,null,null,null,null,null,null,null,FALSE,null,-82.61472222,W,28.0125,N,https://cdn.plantatlas.org/img/specimens/USF/295392.jpg
295599,814,J. R. Campbell,S. Dickman,Cyperaceae,Rhynchospora,172627,null,null,null,TRUE,726,null,colorata,33458,45771,11-Jul-17,Double Branch Bay Preserve.,Coastal flatwoods.,Fertile,null,null,null,null,null,null,null,null,null,FALSE,null,-82.61694444,W,28.01416667,N,https://cdn.plantatlas.org/img/specimens/USF/295599.jpg
295397,825,J. R. Campbell,S. Dickman,Poaceae,Sacciolepis,169683,null,null,null,TRUE,3534,null,striata,33458,41118,11-Jul-17,Double Branch Bay Preserve.,Prairie between flatwoods and salt marsh.,Fertile,null,null,null,null,null,null,null,null,null,FALSE,null,-82.6175,W,28.01416667,N,https://cdn.plantatlas.org/img/specimens/USF/295397.jpg
295405,805,J. R. Campbell,S. Dickman,Sapotaceae,Sideroxylon,169709,null,null,null,TRUE,2913,null,celastrinum,30585,45180,11-Jul-17,Double Branch Bay Preserve.,Coastal flatwoods.,Fruit,null,null,null,null,null,null,null,null,null,FALSE,null,-82.61361111,W,28.01361111,N,https://cdn.plantatlas.org/img/specimens/USF/295405.jpg
295390,824,J. R. Campbell,S. Dickman,Solanaceae,Solanum,169682,null,null,null,TRUE,870,null,americanum,38796,null,11-Jul-17,Double Branch Bay Preserve.,Prairie between flatwoods and salt marsh.,Flower,Fruit,null,null,null,null,null,null,null,null,FALSE,null,-82.6175,W,28.01416667,N,https://cdn.plantatlas.org/img/specimens/USF/295390.jpg
295409,821,J. R. Campbell,S. Dickman,Poaceae,Spartina,169684,null,null,null,TRUE,3723,null,patens,260,40328,11-Jul-17,Double Branch Bay Preserve.,Prairie between flatwoods and salt marsh.,Fertile,null,null,null,null,null,null,null,null,null,FALSE,null,-82.6175,W,28.01416667,N,https://cdn.plantatlas.org/img/specimens/USF/295409.jpg
295404,822,J. R. Campbell,S. Dickman,Poaceae,Spartina,169689,null,null,null,TRUE,851,null,spartinae,62945,72859,11-Jul-17,Double Branch Bay Preserve.,Prairie between flatwoods and salt marsh.,Fertile,null,null,null,null,null,null,null,null,null,FALSE,null,-82.6175,W,28.01416667,N,https://cdn.plantatlas.org/img/specimens/USF/295404.jpg
295408,819,J. R. Campbell,S. Dickman,Poaceae,Sporobolus,169687,null,null,null,TRUE,885,null,virginicus,33458,30585,11-Jul-17,Double Branch Bay Preserve.,Prairie between flatwoods and salt marsh.,Fertile,null,null,null,null,null,null,null,null,null,FALSE,null,-82.6175,W,28.01416667,N,https://cdn.plantatlas.org/img/specimens/USF/295408.jpg
295448,820,J. R. Campbell,S. Dickman,Asteraceae,Symphyotrichum,169723,null,null,null,TRUE,3916,null,tenuifolium,33458,41582,11-Jul-17,Double Branch Bay Preserve.,Brackish marsh.,Flower,null,null,null,null,null,null,null,null,null,FALSE,null,-82.6175,W,28.01416667,N,https://cdn.plantatlas.org/img/specimens/USF/295448.jpg
295391,800,J. R. Campbell,S. Dickman,Zygophyllaceae,Tribulus,169690,null,null,null,TRUE,null,null,terristris,33458,null,11-Jul-17,Double Branch Bay Preserve; service road.,Coastal flatwoods.,Flower,Fruit,null,null,null,null,null,null,null,null,FALSE,null,-82.61222222,W,28.01277778,N,https://cdn.plantatlas.org/img/specimens/USF/295391.jpg
295764,868,J. R. Campbell,,Fabaceae,Aeschynomene,172666,null,null,null,TRUE,2805,null,americana,33458,null,3-Oct-17,Double Branch Bay Preserve; service road.,Coastal flatwoods.,Flower,Fruit,null,null,null,null,null,null,null,null,FALSE,null,-82.61388889,W,28.0125,N,https://cdn.plantatlas.org/img/specimens/USF/295764.jpg
295752,879,J. R. Campbell,,Poaceae,Amphicarpum,172656,null,null,null,TRUE,3772,null,muehlenbergianum,54174,23811,3-Oct-17,Double Branch Bay Preserve.,Coastal flatwoods.,Fertile,null,null,null,null,null,null,null,null,null,FALSE,null,-82.6175,W,28.01555556,N,https://cdn.plantatlas.org/img/specimens/USF/295752.jpg
295766,873,J. R. Campbell,null,Asteraceae,Baccharis,172663,null,null,null,TRUE,2031,null,angustifolia,38515,null,3-Oct-17,Double Branch Bay Preserve; service road.,Brackish marsh.,Bud,null,null,null,null,null,null,null,null,null,FALSE,null,-82.61472222,W,28.01194444,N,https://cdn.plantatlas.org/img/specimens/USF/295766.jpg
295769,869,J. R. Campbell,,Poaceae,Echinochloa,172668,null,null,null,TRUE,1550,null,colona,33458,33441,3-Oct-17,Double Branch Bay Preserve; service road.,null,Fertile,null,null,null,null,Weedy grass.,null,null,null,null,FALSE,null,-82.61388889,W,28.0125,N,https://cdn.plantatlas.org/img/specimens/USF/295769.jpg
295767,870,J. R. Campbell,,Poaceae,Echinochloa,172667,null,null,null,TRUE,3786,null,walteri,47761,22917,3-Oct-17,Double Branch Bay Preserve; service road.,Coastal flatwoods.,Fertile,null,null,null,null,null,null,null,null,null,FALSE,null,-82.61388889,W,28.0125,N,https://cdn.plantatlas.org/img/specimens/USF/295767.jpg
295765,874,J. R. Campbell,,Cyperaceae,Eleocharis,172662,null,null,null,TRUE,2931,null,cellulosa,62566,null,3-Oct-17,Double Branch Bay Preserve; service road.,Flatwoods - salt marsh ecotone.,Fertile,null,null,null,null,null,null,null,null,null,FALSE,null,-82.61472222,W,28.01194444,N,https://cdn.plantatlas.org/img/specimens/USF/295765.jpg
295751,880,J. R. Campbell,,Cyperaceae,Fimbristylis,172657,null,null,null,TRUE,1307,null,cymosa,3735,null,3-Oct-17,Double Branch Bay Preserve.,Coastal flatwoods.,Fertile,null,null,null,null,null,null,null,null,null,FALSE,null,-82.6175,W,28.01555556,N,https://cdn.plantatlas.org/img/specimens/USF/295751.jpg
295775,866,J. R. Campbell,,Cyperaceae,Fimbristylis,172670,null,null,null,TRUE,187,null,schoenoides,49458,63931,3-Oct-17,Double Branch Bay Preserve; service road.,Next to overgrown flatwoods.,Fertile,null,null,null,null,null,null,null,null,null,FALSE,null,-82.61305556,W,28.01277778,N,https://cdn.plantatlas.org/img/specimens/USF/295775.jpg
295878,877,J. R. Campbell,null,Cyperaceae,Fuirena,175762,null,null,null,TRUE,2419,null,breviseta,5878,5878,3-Oct-17,Double Branch Bay Preserve.,Flatwoods - salt marsh ecotone.,Fertile,null,null,null,null,null,null,null,null,null,FALSE,null,-82.61527778,W,28.01277778,N,https://cdn.plantatlas.org/img/specimens/USF/295878.jpg
295756,890,J. R. Campbell,,Clusiaceae,Hypericum,172649,null,null,null,TRUE,1028,null,cistifolium,31174,null,3-Oct-17,Double Branch Bay Preserve; near service road.,Coastal flatwoods.,Flower,null,null,null,null,null,null,null,null,null,FALSE,null,-82.61888889,W,28.01638889,N,https://cdn.plantatlas.org/img/specimens/USF/295756.jpg
295768,867,J. R. Campbell,,Clusiaceae,Hypericum,172671,null,null,null,TRUE,654,null,tetrapetalum,31174,null,3-Oct-17,Double Branch Bay Preserve; service road.,Overgrown flatwoods.,Flower,null,null,null,null,null,null,null,null,null,FALSE,null,-82.61305556,W,28.01277778,N,https://cdn.plantatlas.org/img/specimens/USF/295768.jpg
295754,878,J. R. Campbell,,Lamiaceae,Hyptis,172653,null,null,null,TRUE,2859,null,alata,48168,55639,3-Oct-17,Double Branch Bay Preserve.,Coastal flatwoods.,Fertile,null,null,null,null,null,null,null,null,null,FALSE,null,-82.61555556,W,28.01305556,N,https://cdn.plantatlas.org/img/specimens/USF/295754.jpg
295747,871,J. R. Campbell,,Asteraceae,Liatris,172672,null,null,null,TRUE,4187,null,savannensis,72748,null,3-Oct-17,Double Branch Bay Preserve; next to service road.,Coastal flatwoods.,Flower,null,null,null,null,null,null,null,null,null,FALSE,null,-82.61444444,W,28.0125,N,https://cdn.plantatlas.org/img/specimens/USF/295747.jpg
295755,875,J. R. Campbell,,Solanaceae,Lycium,172665,null,null,null,TRUE,3149,null,carolinianum,66288,null,3-Oct-17,Double Branch Bay Preserve; service road.,Brackish marsh.,Fruit,null,null,null,null,null,null,null,null,null,FALSE,null,-82.61472222,W,28.01194444,N,https://cdn.plantatlas.org/img/specimens/USF/295755.jpg
295902,885,J. R. Campbell,,Phyllanthaceae,Phyllanthus,175763,null,null,null,TRUE,1676,null,urinaria,33458,null,3-Oct-17,Double Branch Bay Preserve.,Flatwoods.,Fertile,null,null,null,null,Abundant in areas burned 1.5 years ago.,null,null,null,null,FALSE,null,-82.61888889,W,28.01638889,N,https://cdn.plantatlas.org/img/specimens/USF/295902.jpg
295771,888,J. R. Campbell,,Cyperaceae,Rhynchospora,172654,null,null,null,TRUE,2106,null,nitens,63931,20179,3-Oct-17,Double Branch Bay Preserve.,Coastal flatwoods.,Fertile,null,null,null,null,null,null,null,null,null,FALSE,null,-82.61555556,W,28.01305556,N,https://cdn.plantatlas.org/img/specimens/USF/295771.jpg
295758,883,J. R. Campbell,,Poaceae,Schizachyrium,172648,null,null,null,TRUE,4891,null,stoloniferum,41118,null,3-Oct-17,Double Branch Bay Preserve.,Flatwoods - brackish marsh ecotone.,Fertile,null,null,null,null,null,null,null,null,null,FALSE,null,-82.61888889,W,28.01638889,N,https://cdn.plantatlas.org/img/specimens/USF/295758.jpg
295763,884,J. R. Campbell,,Fabaceae,Sesbania,172659,null,null,null,TRUE,2920,null,herbacea,38796,37654,3-Oct-17,Double Branch Bay Preserve; service road.,Coastal flatwoods.,Fruit,null,null,null,null,null,null,null,null,null,FALSE,null,-82.61888889,W,28.01638889,N,https://cdn.plantatlas.org/img/specimens/USF/295763.jpg
295761,887,A. J. Campbell,,Fabaceae,Sesbania,172652,null,null,null,TRUE,2379,null,vesicaria,26066,8021,3-Oct-17,Double Branch Bay Preserve; near service road.,Coastal flatwoods.,Fruit,null,null,null,null,null,null,null,null,null,FALSE,null,-82.61888889,W,28.01638889,N,https://cdn.plantatlas.org/img/specimens/USF/295761.jpg
295762,886,J. R. Campbell,,Smilacaceae,Smilax,172650,null,null,null,TRUE,3841,null,tamnoides,33458,null,3-Oct-17,Double Branch Bay Preserve; near service road.,Coastal flatwoods.,Fruit,null,null,null,null,null,null,null,null,null,FALSE,null,-82.61888889,W,28.01638889,N,https://cdn.plantatlas.org/img/specimens/USF/295762.jpg
295749,876,J. R. Campbell,,Poaceae,Stenotaphrum,172673,null,null,null,TRUE,3754,null,secundatum,66288,30590,3-Oct-17,Double Branch Bay Preserve.,Flatwoods - brackish marsh ecotone.,Fertile,null,null,null,null,null,null,null,null,null,FALSE,null,-82.61527778,W,28.012722,N,https://cdn.plantatlas.org/img/specimens/USF/295749.jpg
295753,881,J. R. Campbell,,Asteraceae,Verbesina,172651,null,null,null,TRUE,3454,null,virginica,33458,null,3-Oct-17,Double Branch Bay Preserve; near service road.,Coastal flatwoods.,Flower,null,null,null,null,null,null,null,null,null,FALSE,null,-82.61888889,W,28.01638889,N,https://cdn.plantatlas.org/img/specimens/USF/295753.jpg
295895,957,J. R. Campbell,S. Dickman,Poaceae,Andropogon,175751,glaucopsis,8021,39233,TRUE,3281,var.,glomeratus,66288,71751,2-Nov-17,Double Branch Bay Preserve.,Coatal flatwoods.,Fertile,null,null,null,null,null,null,null,null,null,FALSE,null,-82.61444444,W,28.01138889,N,https://cdn.plantatlas.org/img/specimens/USF/295895.jpg
295891,958,J. R. Campbell,S. Dickman,Poaceae,Andropogon,175753,null,null,null,TRUE,null,null,virginicus,33458,null,2-Nov-17,Double Branch Bay Preserve.,Flatwoods next to service road.,Fertile,null,null,null,null,null,null,null,null,null,FALSE,null,-82.61444444,W,28.01138889,N,https://cdn.plantatlas.org/img/specimens/USF/295891.jpg
295896,955,J. R. Campbell,S. Dickman,Poaceae,Andropogon,175754,null,null,null,TRUE,null,null,virginicus,33458,null,2-Nov-17,Double Branch Bay Preserve.,Flatwoods next to service road.,Fertile,null,null,null,null,null,null,null,null,null,FALSE,null,-82.61444444,W,28.01138889,N,https://cdn.plantatlas.org/img/specimens/USF/295896.jpg
295792,952,J. R. Campbell,S. Dickman,Rhamnaceae,Berchemia,172638,null,null,null,TRUE,3800,null,scandens,23629,29442,2-Nov-17,Double Branch Bay Preserve.,Sabal palmetto hammock next to brackish marsh.,null,null,null,null,null,null,null,null,null,null,FALSE,null,-82.61388889,W,28.01111111,N,https://cdn.plantatlas.org/img/specimens/USF/295792.jpg
295776,947,J. R. Campbell,S. Dickman,Cyperaceae,Cyperus,172631,null,null,null,TRUE,21,null,brevifolius,76249,74740,2-Nov-17,Double Branch Bay Preserve.,Service road.,Fertile,null,null,null,null,null,null,null,null,null,FALSE,null,-82.61166667,W,28.01222222,N,https://cdn.plantatlas.org/img/specimens/USF/295776.jpg
295786,946,J. R. Campbell,S. Dickman,Cyperaceae,Cyperus,172632,null,null,null,TRUE,1464,null,difformis,33458,null,2-Nov-17,Double Branch Bay Preserve.,Service road.,Fertile,null,null,null,null,null,null,null,null,null,FALSE,null,-82.61166667,W,28.01222222,N,https://cdn.plantatlas.org/img/specimens/USF/295786.jpg
295746,971,J. R. Campbell,S. Dickman,Fabaceae,Desmodium,175750,null,null,null,TRUE,3396,null,paniculatum,33458,4386,2-Nov-17,Double Branch Bay Preserve.,Coatal flatwoods.,Fruit,null,null,null,null,null,null,null,null,null,FALSE,null,-82.61694444,W,28.01444444,N,https://cdn.plantatlas.org/img/specimens/USF/295746.jpg
297386,976,J. R. Campbell,S. Dickman,Poaceae,Distichlis,195236,null,null,null,TRUE,856,null,littoralis,8144,76232,2-Nov-17,Double Branch Bay Preserve.,Brackish marsh.,null,null,null,null,null,null,null,null,null,null,FALSE,null,-82.61861111,W,28.01194444,N,https://cdn.plantatlas.org/img/specimens/USF/297386.jpg
295778,961,J. R. Campbell,S. Dickman,Poaceae,Distichlis,172634,null,null,null,TRUE,3693,null,spicata,33458,20295,2-Nov-17,Double Branch Bay Preserve.,Brackish prairie.,Fertile,null,null,null,null,null,null,null,null,null,FALSE,null,-82.61472222,W,28.01111111,N,https://cdn.plantatlas.org/img/specimens/USF/295778.jpg
295772,949,J. R. Campbell,S. Dickman,Poaceae,Eragrostis,175749,null,null,null,TRUE,3788,null,spectabilis,47761,58836,2-Nov-17,Double Branch Bay Preserve.,Sabal palmetto hammock next to brackish marsh.,Fertile,null,null,null,null,null,null,null,null,null,FALSE,null,-82.61388889,W,28.01111111,N,https://cdn.plantatlas.org/img/specimens/USF/295772.jpg
295774,964,J. R. Campbell,S. Dickman,Asteraceae,Euthamia,172629,null,null,null,TRUE,3450,null,graminifolia,33458,42596,2-Nov-17,Double Branch Bay Preserve.,Brackish marsh - flatwoods ecotone.,Flower,null,null,null,null,null,null,null,null,null,FALSE,null,-82.61527778,W,28.01277778,N,https://cdn.plantatlas.org/img/specimens/USF/295774.jpg
297388,974,J. R. Campbell,S. Dickman,Moraceae,Ficus,195238,null,null,null,TRUE,2466,null,aurea,42596,null,2-Nov-17,Double Branch Bay Preserve.,Coastal flatwoods.,null,null,null,null,null,null,null,null,null,null,FALSE,null,-82.61694444,W,28.01444444,N,https://cdn.plantatlas.org/img/specimens/USF/297388.jpg
295783,968,J. R. Campbell,S. Dickman,Asteraceae,Iva,172639,null,null,null,TRUE,3836,null,frutescens,33458,null,2-Nov-17,Double Branch Bay Preserve.,Salt marsh - flatwoods ecotone.,Fruit,null,null,null,null,null,null,null,null,null,FALSE,null,-82.61861111,W,28.01194444,N,https://cdn.plantatlas.org/img/specimens/USF/295783.jpg
295780,969,J. R. Campbell,S. Dickman,Plumbaginaceae,Limonium,172642,null,null,null,TRUE,3131,null,carolinianum,66288,3583,2-Nov-17,Double Branch Bay Preserve.,Salt marsh - flatwoods ecotone.,Flower,null,null,null,null,null,null,null,null,null,FALSE,null,-82.61861111,W,28.01194444,N,https://cdn.plantatlas.org/img/specimens/USF/295780.jpg
297381,973,J. R. Campbell,S. Dickman,Asteraceae,Melanthera,195239,null,null,null,TRUE,3274,null,nivea,33458,56672,2-Nov-17,Double Branch Bay Preserve.,Coastal flatwoods.,Flower,null,null,null,null,null,null,null,null,null,FALSE,null,-82.61694444,W,28.01444444,N,https://cdn.plantatlas.org/img/specimens/USF/297381.jpg
295790,954,J. R. Campbell,S. Dickman,Moraceae,Morus,172636,null,null,null,TRUE,1357,null,alba,33458,null,2-Nov-17,Double Branch Bay Preserve.,Wet hammock near brackish marsh.,null,null,null,null,null,null,null,null,null,null,FALSE,null,-82.61388889,W,28.01111111,N,https://cdn.plantatlas.org/img/specimens/USF/295790.jpg
295777,963,J. R. Campbell,S. Dickman,Poaceae,Muhlenbergia,172635,filipes,6146,73004,TRUE,2308,var.,capillaris,31174,62945,2-Nov-17,Double Branch Bay Preserve.,Brackish prairie.,Fertile,null,null,null,null,null,null,null,null,null,FALSE,null,-82.61472222,W,28.01111111,N,https://cdn.plantatlas.org/img/specimens/USF/295777.jpg
295784,970,J. R. Campbell,S. Dickman,Asteraceae,Rayjacksonia,172630,null,null,null,TRUE,2919,null,phyllocephala,4386,22251,2-Nov-17,Double Branch Bay Preserve.,Salt marsh; slightly higher than surrounding areas by ca. 1 ft.,Flower,null,null,null,null,null,null,null,null,null,FALSE,null,-82.61888889,W,28.01194444,N,https://cdn.plantatlas.org/img/specimens/USF/295784.jpg
297387,975,J. R. Campbell,S. Dickman,Fabaceae,Rhynchosia,195237,null,null,null,TRUE,2782,null,minima,33458,4386,2-Nov-17,Double Branch Bay Preserve.,Coastal flatwoods.,Fruit,null,null,null,null,null,null,null,null,null,FALSE,null,-82.61694444,W,28.01444444,N,https://cdn.plantatlas.org/img/specimens/USF/297387.jpg
295892,953,J. R. Campbell,S. Dickman,Cyperaceae,Rhynchospora,175752,null,null,null,TRUE,535,null,fascicularis,38515,63931,2-Nov-17,Double Branch Bay Preserve.,Flatwoods next to service road.,Fertile,null,null,null,null,null,null,null,null,null,FALSE,null,-82.61444444,W,28.01138889,N,https://cdn.plantatlas.org/img/specimens/USF/295892.jpg
295791,959,J. R. Campbell,S. Dickman,Poaceae,Saccharum,172643,null,null,null,TRUE,3329,null,giganteum,66288,45461,2-Nov-17,Double Branch Bay Preserve.,Coastal flatwoods.,Fertile,null,null,null,null,null,null,null,null,null,FALSE,null,-82.61444444,W,28.01138889,N,https://cdn.plantatlas.org/img/specimens/USF/295791.jpg
295779,967,J. R. Campbell,S. Dickman,Asteraceae,Solidago,172641,null,null,null,TRUE,3935,null,sempervirens,33458,null,2-Nov-17,Double Branch Bay Preserve.,Salt marsh - flatwoods ecotone.,Flower,null,null,null,null,null,null,null,null,null,FALSE,null,-82.61861111,W,28.01194444,N,https://cdn.plantatlas.org/img/specimens/USF/295779.jpg
295782,966,J. R. Campbell,S. Dickman,Poaceae,Spartina,172640,null,null,null,TRUE,3723,null,patens,260,40328,2-Nov-17,Double Branch Bay Preserve.,Salt marsh - flatwoods ecotone.,Fertile,null,null,null,null,null,null,null,null,null,FALSE,null,-82.61861111,W,28.01194444,N,https://cdn.plantatlas.org/img/specimens/USF/295782.jpg
295789,951,J. R. Campbell,S. Dickman,Anacardiaceae,Toxicodendron,172637,null,null,null,TRUE,3476,null,radicans,33458,30590,2-Nov-17,Double Branch Bay Preserve.,Sabal palmetto hammock next to brackish marsh.,Fruit,null,null,null,null,Vine.,null,null,null,null,FALSE,null,-82.61388889,W,28.01111111,N,https://cdn.plantatlas.org/img/specimens/USF/295789.jpg
295781,962,J. R. Campbell,S. Dickman,Juncaginaceae,Triglochin,172633,null,null,null,TRUE,3071,null,striata,51593,null,2-Nov-17,Double Branch Bay Preserve.,Brackish prairie.,Fertile,null,null,null,null,null,null,null,null,null,FALSE,null,-82.61472222,W,28.01111111,N,https://cdn.plantatlas.org/img/specimens/USF/295781.jpg
295785,972,J. R. Campbell,S. Dickman,Asteraceae,Vernonia,172645,null,null,null,TRUE,3255,null,gigantea,66288,72630,2-Nov-17,Double Branch Bay Preserve.,Coastal flatwoods.,Flower,Fruit,null,null,null,null,null,null,null,null,FALSE,null,-82.61694444,W,28.01444444,N,https://cdn.plantatlas.org/img/specimens/USF/295785.jpg
305071,1260,S. Dickman,"S. Bowman, D. Testerman",Moraceae,Ficus,251392,null,null,null,TRUE,2466,null,aurea,42596,null,24-Jan-18,"Double Branch Creek Nature Preserve, Tampa.","Adjacent to fire break, coastal hammock.",null,null,null,null,null,Single plan more than 1 m tall.,null,null,null,null,FALSE,null,-82.6175,W,28.01611111,N,https://cdn.plantatlas.org/img/specimens/USF/305071.jpg
305205,1261,S. Dickman,"S. Bowman, D. Testerman, W. Izor",Araliaceae,Heptapleurum,251607,null,null,null,TRUE,null,null,actinophyllum,8116,80471,24-Jan-18,"Double Branch Creek Nature Preserve, Tampa.",null,null,null,null,null,null,"Single sterile tree ca. 6 m tall, epiphytic on and overtopping Sabal palmetto.",null,null,null,null,FALSE,null,-82.62388889,W,28.01888889,N,https://cdn.plantatlas.org/img/specimens/USF/305205.jpg
304498,1267,S. Dickman,,Malvaceae,Talipariti,250879,null,null,null,TRUE,null,null,tiliaceum,33458,17751,8-Feb-18,"Double Branch Creek Nature Preserve, Tampa; S bank of Channel 'A', near Tampa Bay.",null,null,null,null,null,null,Single sterile plant ca. 1 m tall.,null,null,null,null,FALSE,null,-82.61861111,W,27.9975,N,https://cdn.plantatlas.org/img/specimens/USF/304498.jpg
306334,1277,S. Dickman,,Poaceae,Eragrostis,253203,null,null,null,FALSE,null,null,atrovirens,6868,72185,12-Apr-18,"Double Branch Creek Preserve, Tampa; northern Tampa Bay.",Spoil island.,Fertile,null,null,null,null,null,null,null,null,null,FALSE,null,-82.6025,W,27.98277778,N,
305807,1278,S. Dickman,,Cyperaceae,Rhynchospora,252780,null,null,null,FALSE,null,null,pusilla,4931,null,12-Apr-18,"Double Branch Creek Presrve, Tampa; northern Tampa Bay.",Spoil island.,Fertile,null,null,null,null,null,null,null,null,null,FALSE,null,-82.6025,W,27.98277778,N,
303237,1382,S. Dickman,,Poaceae,Paspalum,247031,null,null,null,TRUE,2086,null,plicatulum,38515,null,20-Apr-20,"Double Branch Creek Nature Preserve, Tampa.",Recently burned and mowed palmetto [Serenoa repens] flatwoods.,Fertile,null,null,null,null,Single clump seen.,null,null,null,null,FALSE,null,-82.57666667,W,28.02194444,N,https://cdn.plantatlas.org/img/specimens/USF/303237.jpg
303635,1645,S. Dickman,,Phyllanthaceae,Bischofia,248743,null,null,null,TRUE,1498,null,javanica,2793,null,27-Apr-21,"Double Branch Bay Nature Preserve, Tampa.",Coastal oak hammock.,null,null,null,null,null,Three small trees seen.,null,null,null,null,FALSE,null,-82.62777778,W,28.0225,N,https://cdn.plantatlas.org/img/specimens/USF/303635.jpg
303634,1645,S. Dickman,,Phyllanthaceae,Bischofia,248744,null,null,null,TRUE,1498,null,javanica,2793,null,27-Apr-21,"Double Branch Bay Nature Preserve, Tampa.",Coastal oak hammock.,null,null,null,null,null,Three small trees seen.,null,null,null,null,FALSE,null,-82.62777778,W,28.0225,N,https://cdn.plantatlas.org/img/specimens/USF/303634.jpg
303651,1650,S. Dickman,R. Cozby,Vitaceae,Cissus,248742,null,null,null,FALSE,2798,null,trifoliata,33458,33458,23-Jun-21,"Double Branch Bay Nature Preserve, Tampa.",Mangrove islands.,null,null,null,null,null,Occasional.,null,null,null,null,FALSE,null,-82.62166667,W,28.00277778,N,
303316,1679,S. Dickman,L. Grant,Pteridaceae,Acrostichum,247737,null,null,null,TRUE,3611,null,aureum,33458,null,11-Jan-22,"Double Branch Preserve, Tampa.",Edge of flatwoods and salt marsh.,null,null,null,null,null,null,null,null,null,null,FALSE,null,-82.62222222,W,28.01694444,N,https://cdn.plantatlas.org/img/specimens/USF/303316.jpg
303315,1679,S. Dickman,L. Grant,Pteridaceae,Acrostichum,247738,null,null,null,TRUE,3611,null,aureum,33458,null,11-Jan-22,"Double Branch Preserve, Tampa.",Edge of flatwoods and salt marsh.,null,null,null,null,null,null,null,null,null,null,FALSE,null,-82.62222222,W,28.01694444,N,https://cdn.plantatlas.org/img/specimens/USF/303315.jpg
303297,1679,S. Dickman,L. Grant,Pteridaceae,Acrostichum,247739,null,null,null,TRUE,3611,null,aureum,33458,null,11-Jan-22,"Double Branch Preserve, Tampa.",Edge of flatwoods and salt marsh.,Fertile,null,null,null,null,null,null,null,null,null,FALSE,null,-82.62222222,W,28.01694444,N,https://cdn.plantatlas.org/img/specimens/USF/303297.jpg